"locationName","address","city","phone","link"
"Texas-Plano-East","2704 Central Expy","Plano TX 75074","469-609-3000
","https://www.athome.com/store-detail/?StoreID=Texas-Plano-East"
"Texas-Garland","3002 Firewheel Pkwy","Garland TX 75040","972-202-2989
","https://www.athome.com/store-detail/?StoreID=Texas-Garland"
"Texas-Plano West","5540 State Highway 121","Plano TX 75024","469-388-6668
","https://www.athome.com"
"Texas-Farmers Branch","13307 Midway Rd","Farmers Branch TX 75244","469-680-3600
","https://www.athome.com"
"Texas-Lewisville","2512 S Stemmons Fwy","Lewisville TX 75067","972-316-0392
","https://www.athome.com/store-detail/?StoreID=Texas-Lewisville"
"Texas-Mesquite","2727 Towne Centre Dr","Mesquite TX 75150","972-681-5006
","https://www.athome.com/store-detail/?StoreID=Texas-Mesquite"
"Texas-Grand Prairie","2650 W Interstate 20","Grand Prairie TX 75052","972-522-0534
","https://www.athome.com"
"Texas-N. Richland Hills","8651 Airport Fwy","North Richland Hills TX 76180","817-581-1616
","https://www.athome.com"
"Texas-Alliance","2201 Porter Creek Dr","Fort Worth TX 76177","817-380-3411
","https://www.athome.com/store-detail/?StoreID=Texas-Alliance"
"Texas-Mansfield","602 U.S. Hwy 287","Mansfield TX 76063","817-779-5787
","https://www.athome.com/store-detail/?StoreID=Texas-Mansfield"
"Texas-Fort Worth","5608 SW Loop 820","Fort Worth TX 76132","817-763-5478
","https://www.athome.com"
"Texas-Tyler","3900 Troup Hwy","Tyler TX 75703","903-508-6015
","https://www.athome.com/store-detail/?StoreID=Texas-Tyler"
"Texas-Wichita Falls","3111 Midwestern Pkwy #200","Wichita Falls TX 76308","940-228-0011
","https://www.athome.com"
"Oklahoma-Moore","621 SW 19th St","Moore OK 73160","405-759-8590
","https://www.athome.com/store-detail/?StoreID=Oklahoma-Moore"
"Texas-College Station","2301 Earl Rudder Fwy","College Station TX 77845","979-329-7600
","https://www.athome.com"
"Oklahoma-Oklahoma City","701 S MacArthur Blvd","Oklahoma City OK 73128","405-787-4875
","https://www.athome.com"
"Louisiana-Shreveport","1376 East 70th St","Shreveport LA 71105","318-383-5553
","https://www.athome.com/store-detail/?StoreID=Louisiana-Shreveport"
"Texas-Pflugerville","19000 Limestone Commercial Dr","Pflugerville TX 78660","512-989-8488
","https://www.athome.com/store-detail/?StoreID=Texas-Pflugerville"
"Texas-Cedar Park","4801 183A Toll Rd","Cedar Park TX 78613","512-528-0391
","https://www.athome.com"
"Texas-South Austin","5151 US Hwy 290","Austin TX 78735","512-892-3059
","https://www.athome.com"
"Texas-The Woodlands","16778 Interstate 45 South","Conroe TX 77384","281-203-3305
","https://www.athome.com"
"Oklahoma-Tulsa","11015 E 51st St","Tulsa OK 74146","918-660-0543
","https://www.athome.com/store-detail/?StoreID=Oklahoma-Tulsa"
"Texas-Willowbrook","12605 N Gessner Dr","Houston TX 77064","281-469-0900
","https://www.athome.com/store-detail/?StoreID=Texas-Willowbrook"
"Texas-Humble","9450 FM 1960 Bypass Rd West","Humble TX 77338","281-318-4253
","https://www.athome.com/store-detail/?StoreID=Texas-Humble"
"Texas-Katy","19420 Katy Fwy.","Houston TX 77094","281-578-2334
","https://www.athome.com/store-detail/?StoreID=Texas-Katy"
"Texas-Richmond","4833 Waterview Meadow Dr","Richmond TX 77406","281-202-0952
","https://www.athome.com/store-detail/?StoreID=Texas-Richmond"
"Texas-New Braunfels","642 S Walnut Ave","New Braunfels TX 78130","830-214-2030
","https://www.athome.com"
"Texas-Sugar Land","16960 Southwest Fwy","Sugar Land TX 77479","713-353-1644
","https://www.athome.com"
"Texas-Pearland","3000 Kirby Dr","Pearland TX 77584","346-207-3077
","https://www.athome.com/store-detail/?StoreID=Texas-Pearland"
"Texas-Live Oak","7613 N Loop 1604 E","Live Oak TX 78233","210-245-3602
","https://www.athome.com"
"Texas-Webster","20780 Gulf Fwy","Webster TX 77598","281-332-6526
","https://www.athome.com/store-detail/?StoreID=Texas-Webster"
"Texas-San Antonio","8421 US Hwy 281","San Antonio TX 78216","210-987-2833
","https://www.athome.com"
"Arkansas-Rogers","3551 S 27th St","Rogers AR 72758","479-202-7422
","https://www.athome.com/store-detail/?StoreID=Arkansas-Rogers"
"Texas-San Antonio NW","6840 NW Loop 410","San Antonio TX 78238","210-521-7737
","https://www.athome.com"
"Arkansas-Little Rock","11801 Chenal Pkwy","Little Rock AR 72211","501-219-1144
","https://www.athome.com"
"Texas-Lubbock","4304 W Loop 289","Lubbock TX 79407","806-401-0054
","https://www.athome.com/store-detail/?StoreID=Texas-Lubbock"
"Kansas-Wichita","301 S Towne East Mall Dr","Wichita KS 67207","316-221-2808
","https://www.athome.com/store-detail/?StoreID=Kansas-Wichita"
"Texas-Odessa","4101 E 42nd St","Odessa TX 79762","432-276-7676
","https://www.athome.com/store-detail/?StoreID=Texas-Odessa"
"Louisiana-Lafayette","4210 Ambassador Caffery Pkwy","Lafayette LA 70508","337-706-9310
","https://www.athome.com/store-detail/?StoreID=Louisiana-Lafayette"
"Missouri-Springfield","3700 S Campbell Ave","Springfield MO 65807","417-885-3822
","https://www.athome.com/store-detail/?StoreID=Missouri-Springfield"
"Texas-Corpus Christi","4949 Greenwood Dr","Corpus Christi TX 78416","361-225-2775
","https://www.athome.com"
"Mississippi-Jackson","6360 Ridgewood Court Dr","Jackson MS 39211","769-235-2877
","https://www.athome.com/store-detail/?StoreID=Mississippi-Jackson"
"Tennessee-Memphis","5280 Summer Ave","Memphis TN 38122","901-767-7731
","https://www.athome.com/store-detail/?StoreID=Tennessee-Memphis"
"Tennessee-Memphis South","7697 Winchester Rd","Memphis TN 38125","901-379-5720
","https://www.athome.com"
"Kansas-Olathe","2000 E Santa Fe St","Olathe KS 66062","913-538-4000
","https://www.athome.com/store-detail/?StoreID=Kansas-Olathe"
"Missouri-Lee's Summit","601 N State Highway 291","Lee's Summit MO 64086","816-944-2000
","https://www.athome.com"
"Louisiana-Kenner","1000 W Esplanade Blvd","Kenner LA 70065","504-229-7722
","https://www.athome.com/store-detail/?StoreID=Louisiana-Kenner"
"Mississippi-Hattiesburg","1000 Turtle Creek Dr","Hattiesburg MS 39402","228-206-0452
","https://www.athome.com/store-detail/?StoreID=Mississippi-Hattiesburg"
"Louisiana-Slidell","150 North Shore Blvd","Slidell LA 70460","985-607-6146
","https://www.athome.com/store-detail/?StoreID=Louisiana-Slidell"
"Missouri-Kansas City","600 NE Barry Rd","Kansas City MO 64155","816-381-8313
","https://www.athome.com"
