doc_id,name,age,profession,city
1001,Name1,29,Software Engineer,Minsk
1002,Name2,30,Accountant,Dubai
1003,Name3,31,Journalist,Paris
1004,Name4,44,Sales Manager,Wroclaw
1005,Name5,44,Lawyer,London
1006,Name6,34,Nurse,Tokio
1007,Name7,29,Guitar teacher,Moscow
1008,Name8,26,Copywriter,Beijing
1009,Name9,43,Technical Writer,Dubai
1010,Name10,43,Ambulance doctor,Bratislava
1011,Name11,45,Associate professor,Saint-Petersburg
1012,Name12,38,Lawyer,Nice
1013,Name13,28,Actor,Los Angeles
1014,Name14,32,Policy Officer,Brussels
1015,Name15,31,Consultant,Berlin
1016,Name16,30,Business Analyst,Vienna
1017,Name17,27,Manager,Sydney
1018,Name18,25,Developer,Deli
1019,Name19,22,Consultant,Riga
1020,Name20,44,Developer,Poznan
1021,Name21,38,Salesperson,Antwerpen
1022,Name22,28,Tour guide,Paris
1023,Name23,32,Truck driver,Moscow
1024,Name24,56,Professor,Prague
1025,Name25,19,Student,Berlin
1026,Name26,24,Waitress,Amsterdam
1027,Name27,36,Partner,Kiev
1028,Name28,37,Associate professor,Minsk
1029,Name29,34,Singer,Rome
1030,Name30,33,Business coach,USA
1031,Name31,30,Junior Designer,Vilnius
1032,Name32,27,Sales Intern,Mechelen
1033,Name33,49,Dean of the law faculty,Maastricht
1034,Name34,19,Administrator,Hanoi
1035,Name35,39,Engineer,Kaliningrad
1036,Name36,44,Designer,Novosibirsk
1037,Name37,34,Brand Manager,Moscow
1038,Name38,45,Surgeon,Deli
1039,Name39,33,Dentist,Kharkiv
1040,Name40,32,Senior Accountant,Grodno
1041,Name41,36,Real Estate Consultant,Dubai
1042,Name42,33,Business Development Manager,Lodz
1043,Name43,32,Finance Manager,Paris
1044,Name44,61,Professor,Beijing
1045,Name45,36,Writer,Bordeaux
1046,Name46,29,Data Scientist,www.name46.org
1047,Name47,30,UI Designer,Caroline Inc.
1048,Name48,19,Intern,Madrid
1049,Name49,??,gfpuqebouvaq,Invoice
1050,Name50,??,hhhphph,"Tbilisi, Georgia"
1051,Name51,23,QA ,Mogilev
1052,Name52,??,PR Manager,Porto
1053,Name53,25,02y3=r01y0t vy2,Spain
1054,Name54,name54@gmail.com,ohe[yrtc`7b4cb`,2/3/1989
1055,Name55,??,1.80E+11,(32)262534529345
1056,Name56,www.grrr.com,888808080,Reporter
1057,Name57,www.mmmm.com,9709707,];]
1058,Name58,67,(1)9831097027,___
1059,Name59,??,Intern,dfb]dp
1060,Name60,89,Dean of the faculty,wogpuerg
1061,Name61,24,Singer,!)()&)(*@(!@)E!
1062,Name62,??,231610,G(G(G989
1063,Name63,??,103909710,Murmurmur198234
1064,Name64,22,818264916,"Belgrad, Serbia"
1065,Name65,"p/[p,",[]'[;[]';[[;][.[[/[`.][.,Slovakia
1066,Name66, [ [ [,"]q[;w][;]w[;]e[psq,pr",19
1067,Name67, ! ! !,Manager,!!! Federation
1068,Name68,)))),ttm@forint.com,Forint Inc.
1069,Name69,trtr,International Transportation Manager,"Brest, Belaris"
1070,Name70,??,80=20r0y3oweihlab,9
1071,Name71,32,p[pp[A[.[z,45
1072,,33,"Warsaw, Poland",0
1073,iquwodb,34,"Wroclaw, Polamd",  0 0 
1074,,35,"Vilnius, Lithuania",  9 9 
1075,Name75,35,Senior Front-End Developer,Kaliningrad
1076,Name76,??,Unemployed,Brugge
1077,Name77,!!2,(7)4956986969564,"Moscow, Russian Federation"
1078,[.,!!3,(33)23706235402,"CEDEX, France"
1079,`1qa,FF,Noep--08-8-8\,[][][];]ldb
1080,xw,2I,19019190,Manager
1081,Name8!,3I,3030,d-bdgg
1082,Name82,??,0,vphpbdhfpb
1083,Name83,4I,0,
1084,Name84,5I,<>/>,
1085,Name85,3B, [ [ [,
1086,!!ome86,4B, - - - -,
1087,7.90E+12,rdrd@ggg.com, [/[ [/[ [/[ ,Brand Development Specialist
1088,pomopom,??, [/] [/] [/] [/] [/],Client Support Specialist
1089,Ppokpo12037,Saint-Petersburg,Designer,Russian Federation
1090,Name90,Kaliningrad,Business Coach,Russian Federation
1091,Name91,ame91,Associate Partner,name91@gmail.com
1092,Name92,ame92,Psychologist,www.linkedin.com/name93-name93-aiubpaiprifvqa
1093,Name93,26,Junior BI Engineer,Klaipeda
1094,konstatin@mail.ru,??,Analyst,Konstantin Solutions Inc.
1095,www.valentin.com,567789,"Madrid, Spain",[;][;]/[]
1096,www.karina.co.uk,??,"London, England",lv vpbnd
1097,Name97,(33)080960909,"Poitiers CEDEX, France",0
1098,Name98,(32)28098098098,Policy Advisor, 0 0 1/
1099,Name99,100500,Auditor,mOmo
1100,Name100,name100@gmail.com,35,Lourdes
1101,"Paris CEDEX, France",Name101,HR Manager,name101@gmail.com
1102,(33)4806089878,Name102,Bank of America,Paris
1103,RandomName Inc.,54,u230ux`034ut,CEO
1104,RandomCompany Ltd.,55,h3ofqpev,Vice-President
1105,Bank of France,55,qgeoirpfo,ij x
1106,Name106,32,e09y0g0, -- 
1107,Deliver to:,[]'.]k,p[pp]p[[[jn[df,Send by:
1108,709868750,[o[l,phfvhdphfpv,0-0-9-9
1109,[]'[]'[]'[][',     [],w0fh,98
1110,Name110,,Intern,91
1111,Name111,31,Senior Accountant,Krakov
1112,Name112,62,Unemployed,Romania
1113,"Sincerely Yours, Margaret",63,u-37-147,Budapest
1114,01[pwkm;v,64,11111,
1115,1[]'2[]'3[,41,1989200,
1116,RandomBank,40,Customer Services Specialist,Poitiers
1117,Name117,4O,Marketing Manager,Milan
1118,Name118,3!,Market Analyst,Milan
1119,]]]]]]]]]],1119,Services Advisor,Ghent
1120,p[;;q[[``1][;qo,1120,1-0-1=,PoPo89
1121,Lisbon,??,1039,
1122,Madrid,Name122,L0bbyist,
1123,Russian Federation,??,Vice-President,www.vp.ru
1124,polina@hotmail.ru,23,Freelance Designer,PolinaSoft Ltd.
1125,www.linkedin.com/anna-anna-87698guebejhvc,??,Finance Analyst,Analytics Inc.
1126,Business Development Manager,??,"Warsaw, Poland",Google Inc.
1127,u0jherphqobfqa,100000,1spodpvspfov,XoXo
1128,0u988r872873,890,]a[s[]a],
1129,[];]'.[.[.[.[.,25,psk[c[,
1130,(.),??,dcs[d,Hungary
1131,((())))),Name131,vpna,"Erevan, Armenia"
1132,!0298y39giv,Name132,dfv,"Moscow, Russian Federation (7)4951928592854"
1133,pibepiba,Name133,fjwr0u031, ! [!}
1134,y-0oknkv-9h[oniqveprh[r,,,! ! ___
1135,Name135,"ono,o",fqe,!!____
1136,Name!!6,??,Key Account Manager,Klaipeda
1137,Name137,5678,Product Manager,Vilnius
1138,Name138,(32)96987597595,Intern,"Brussels, Belgium"
1139,Name139,??,0-ef,[pk[
1140,Name140,(1)9098109097,name140@hotmail.com,USA
1141,Name141,??,www.linkedin.com/name141-name141-92839bworicwveg,Assistant
1142,To whom it may concern,??,"Sincerely Yours, Caroline Swift",Letter#
1143,C0sts,(7)495267267267,Total Price,Paid by:
1144,NaNNe144,??,Delivery Officer,"Nimes CEDEX, France"
1145,Name145,19,Junior Product Manager,Moscow
1146,Name146,27,Business Analyst,Pavia
1147,Name147,105,Junior Accountant,Aveiro
1148,Name148,??,1981,Customer Services Specialist
1149,Name149,??,1981,Customer Services Specialist
1150,Name150,??,1981,Customer Services Specialist
